2450950746,Director Of Analytics,Coterie,"New York, United States",,,
2612682304,Data Scientist,Dopple,"New York, NY Remote",,,
2539672460,Director of Analytics,Dr. Squatch,Los Angeles Metropolitan Area,,,
2329045647,Product Analyst,Alto Pharmacy,"San Francisco, CA",,,
2441392037,"Terrain Design By Terrain Artisan - 1149 S Main Street, Walnut Creek, CA 94596",Terrain,"Walnut Creek, CA",,,
2634693574,Head of Analytics,Jobot,"San Francisco, CA Remote",,,
2577859666,Senior Product Analyst - Employer,Handshake,"San Francisco, CA",,,
2606171611,Marketing Analytics Manager,obé Fitness,"Brooklyn, NY",,,
2601569583,AI/ML Knowledge Graph Specialist,ProQuo AI,"City of Johannesburg, Gauteng, South Africa",,,
2557454404,Product Data Scientist,Carta,"San Francisco, CA",,,
2596231281,Senior Data Analyst,Envoy,"San Francisco, CA",,,
2618622512,Data Community Evangelist,Census,"San Francisco, CA",,,
2631712930,Product Impact Data Scientist,Patagonia,"Ventura, CA",,,
2626852841,Director of Product,dbt Labs (formerly Fishtown Analytics),United States Remote,,,
2610464463,Analyst (Remote optional),Petal,"New York, NY Remote",,,
2646264015,Junior Research Fellow,IndiaBioscience,"Mangalore, Karnataka, India",,,
2645299024,Data Analyst,Netlify,"San Francisco, CA",,,
2635693068,Insurance Data Scientist and Governance Specialist,CRICO,"Boston, MA",,,
2437692834,Data Scientist,CrowdStreet,"Austin, TX Remote",,,
2639994502,Director of Data & Analytics,TeamSnap,United States Remote,,,
2623120962,Senior Director of Data & Analytics,"Billie, Inc.",New York City Metropolitan Area,,,
2604363574,Data Insight Analyst,Bluecore,"New York, NY",,,
2635500137,Research Associate,Bharathiar University,"Coimbatore, Tamil Nadu, India",,,
2633944852,Snowflake and DBT Lead,E-Solutions,"Baltimore, MD",,,
2477923620,"Terrain Design By Terrain Artisan - Stanford Shopping Center, Palo Alto, CA 94304",Terrain,"Palo Alto, CA",,,
2625504491,"Data Analyst, Digital Marketing",Thirstie,New York City Metropolitan Area,,,
2477923620,"Terrain Design By Terrain Artisan - Stanford Shopping Center, Palo Alto, CA 94304",Terrain,"Palo Alto, CA",,,
2647368510,Project Assistant I/ Junior Research Fellow,Amity University,"Noida, Uttar Pradesh, India",,,
2623152952,"Analytics Lead, Patient Care",Lively,"New York, NY",,,
2632869181,Social Worker LICSW - Ctr for Healthy Aging,Beverly Hospital,"Danvers, MA",,,
2641367977,Data Scientist,Arcus Search,"London, England, United Kingdom",,,
2612683185,Data Analyst,Dopple,"New York, NY Remote",,,
2645846273,COVID Testing Lab Assistant,Institute for Stem Cell Science and Regenerative Medicine (DBT-inStem),"Bengaluru, Karnataka, India",,,
2616843036,Account Executive,Bigeye,"San Francisco, CA Remote",,,
2620879355,Head of Data,CogX,"London, England, United Kingdom",,,
2633043457,Director of Product,dbt Labs (formerly Fishtown Analytics),Greater Fort Collins Area,,,
2615163775,Growth Data Analyst,Morning Brew,"New York, NY",,,
2636852042,Analytics Engineer,Upstart,"San Mateo, CA",,,
2450950746,Director Of Analytics,Coterie,"New York, United States",,,
2615122893,Per Diem Eating Disorder Recovery Specialist,Eating Disorder Recovery Specialists,"New York, NY",,,
2617028040,Healthcare Business Systems Analyst with Claims experience,PEOPLE FORCE CONSULTING INC,"Portland, OR",,,
2606326428,Product Analyst,PUBLIC,"New York, NY",,,
2633740063,"Product Manager, Data",Tubi,San Francisco Bay Area,,,
2612707132,Client Executive till DBT,Novare Interim & Recruitment AB,"Stockholm, Stockholm County, Sweden",,,
2631605528,"Director, Business Intelligence",WWE,"Stamford, CT Remote",,,
2621829960,Data Analyst,Customer.io,"Portland, OR Remote",,,
2605884480,Head of Data Science,PUBLIC,"New York, NY",,,
2614901217,Marketing Business Development Manager,Fluid DBT,Dallas-Fort Worth Metroplex,,,
2621353696,Snowflake Architect,Venusgeo Solutions,United States Remote,,,
2628518956,Data Management Lead,Canva,"Sydney, New South Wales, Australia Remote",,,
2610005872,Data Architect,Nutrafol,New York City Metropolitan Area Remote,,,
2639926932,Senior Product Manager,Publicis Sapient,"Arlington, VA",,,
2624462767,Data Analyst,Holded,"Barcelona, Catalonia, Spain",,,
2216919457,Data Engineer,BetterUp,"San Francisco, CA Remote",,,
2611347723,Physical Security Specialist,Odyssey Systems,"Washington, DC",,,
2626830291,Customer Support Engineer (APAC - Remote),dbt Labs (formerly Fishtown Analytics),Australia Remote,,,
2590825071,Data Analyst (Contract to Perm),The Howard Hughes Corporation,"The Woodlands, TX",,,
2558329073,Product Analyst,Alto Pharmacy,"Denver, CO",,,
2598056996,Looker Consultant,Modern Stack Recruitment,Canada Remote,,,
2611767990,Data Analyst,WITHIN,"New York, United States",,,
2601118590,Senior Data Scientist - Design Platform,Spotify,"Stockholm, Stockholm County, Sweden",,,
2605858145,Analytics Engineer (Remote),Madison Reed,"San Francisco, CA Remote",,,
2612690561,"Senior Associate, Customer Experience & Innovation Strategist",Horizontal Talent,"Boulder, CO Remote",,,
2615541052,Data Engineer,Momentive.ai,"San Mateo, CA Remote",,,
2473406713,Product Data Analyst,Spendesk,"Paris, Île-de-France, France",,,
2552488878,Data Analyst - Customer Operations and Risk,Getaround,"Paris, Île-de-France, France",,,
2640418739,Data Analyst,Entera,"New York, NY",,,
2643375457,Research Associate II,AIIMS Delhi,"New Delhi, Delhi, India",,,
2593327915,"Consultant, Analytics Engineering (dbt)",Modern Stack Recruitment,Canada Remote,,,
2634807493,Product Manager,Publicis Sapient,"New York, NY",,,
2636960859,Senior Product Marketing Manager,dbt Labs (formerly Fishtown Analytics),United States Remote,,,
2610946564,Intermediate/Senior Data Analyst,Paper,United States Remote,,,
2631316884,Business Intelligence Analyst - Marketing Analytics,Rover.com,"Seattle, WA",,,
2617146615,Junior Research Fellow,,"Ludhiana, Punjab, India",,,
2618625313,Customer Data Architect,Census,"San Francisco, CA",,,
2639926932,Senior Product Manager,Publicis Sapient,"Arlington, VA",,,
2634239619,Data Analyst,Greenlight,"Atlanta, GA",,,
2503549463,Staff Data Engineer,CNN,United States Remote,,,
2583141446,Analytics Engineer - Snowflake & DBT,DAZN Group,"London, England, United Kingdom",,,
2634804870,Product Manager,Publicis Sapient,"Boston, MA",,,
2577020015,Data Engineer (dbt),Fresha,"London, England, United Kingdom",,,
2640420706,MarTech Operations Senior Associate,Octane11,New York City Metropolitan Area,,,
2643058796,Data & Strategy Analyst,Boxed,"New York, NY",,,
2616198971,Data Engineer (dbt/Looker/Snowflake),Dandy,"New York, NY",,,
2626868973,Director Of Engineering,dbt Labs (formerly Fishtown Analytics),United States Remote,,,
2612666234,Product Manager,Harnham,"London, England, United Kingdom",,,
2608123319,Lead Data Analyst,Updater,"San Francisco, CA Remote",,,
2639374463,Data Scientist,JW Player,"New York, NY Remote",,,
2617759136,Data Analyst,Dandy,"New York, NY",,,
2608684725,Data Engineer,Grabango,"Berkeley, CA",,,
2613988101,Senior Analyst,WeTransfer,"Amsterdam, North Holland, Netherlands",,,
2632507370,(All Levels) Data Scientist - Growth (m/f/d),Trade Republic,"Berlin, Berlin, Germany",,,
2612460467,Vulnerability Analysis Scientist I/II,"Mission Support and Test Services, LLC","North Las Vegas, NV",,,
2633973335,Head of Data Science,Public.com,"New York, NY",,,
2638618977,Senior Data Analyst,Togo Group,United States Remote,,,
2271192025,"Assistant, Associate, or Full Professional Practice Professor – Psychologist",University of Missouri-Columbia,"Columbia, MO",,,
2600428602,Lead Data Operations (m/w/d) in Voll- oder Teilzeit (80%).,Johnson & Johnson,"Neuss, North Rhine-Westphalia, Germany",,,
2579853752,Marketing Senior Data Analyst (MuleSoft),Salesforce,"San Francisco, CA",,,
2624331900,eCom Data Engineer,PepsiCo,"San Francisco, CA",,,
2636338233,Data Scientist,Portland Seed Fund,"Portland, OR",,,
2511974118,Facilities Administrator,South Point,"Cape Town, Western Cape, South Africa",,,
2600940331,"Terrain Design By Terrain Artisan - 4801 Bethesda Ave, Bethesda, MD 20814",Terrain,"Bethesda, MD",,,
2622841109,Business Intelligence Analyst/Engineer,Workstream,San Francisco Bay Area,,,
2634810306,Product Manager,Publicis Sapient,"Atlanta, GA",,,
2482872910,Data Engineer,Pluralsight,"San Francisco, CA Remote",,,
2638337705,Head of QA Strategic Planning and Transformation,UCB,"Braine-l’Alleud, Walloon Region, Belgium",,,
2622944955,Business Intelligence Analyst,Mayanalytics,United States Remote,,,
2638319045,Data Engineer,Fidap,United States Remote,,,
2588044833,Data Operations Manager,Azility,"New South Wales, Australia",,,
2599133857,Senior Strategy & Data Analyst,Bungalow,United States Remote,,,
2577899981,"Sr Manager, Analytics Engineering",BetterUp,"San Francisco, CA Remote",,,
2628150606,Data Analyst,Paymentsense,"London, England, United Kingdom",,,
2557456011,Product Data Scientist,Carta,"New York, NY",,,
2622349655,Product Analyst,Public.com,"New York, NY",,,
2636699068,Project Associate,Sikkim University,"Gangtok, Sikkim, India",,,
2611270992,Marketing Analytics Manager,obé Fitness,"Brooklyn, NY",,,
2612716827,Behandlare,Kullabygdens Dbt-Hem AB,"Höganäs, Skane County, Sweden",,,
2635693480,Data Reporting Analyst - Madrid,Ebury,Greater Madrid Metropolitan Area,,,
2631579524,Data Engineer,Dynasticx LLC,United States Remote,,,
2511972948,Per Diem Eating Disorder Recovery Specialist,Eating Disorder Recovery Specialists,"Miami, FL",,,
2271192025,"Assistant, Associate, or Full Professional Practice Professor – Psychologist",University of Missouri-Columbia,"Columbia, MO",,,
2611730201,Data Analyst,Wallbox Chargers,"Barcelona, Catalonia, Spain",,,
2511971980,Per Diem Eating Disorder Recovery Specialist,Eating Disorder Recovery Specialists,"Fort Lauderdale, FL",,,
2588044833,Data Operations Manager,Azility,"New South Wales, Australia",,,
2628454661,Director of Product,dbt Labs (formerly Fishtown Analytics),"Us, Île-de-France, France",,,
2646029584,Data Analyst,Traveloka,"Ho Chi Minh City, Ho Chi Minh City, Vietnam",,,
2627229417,Snowflake Developer,Ripple Logics,"Dallas, TX",,,
2643374391,Senior Research Fellow,AIIMS Delhi,"New Delhi, Delhi, India",,,
2608398785,Product Data Scientist (Remote),Fetch Rewards,"Chicago, IL Remote",,,
2511975475,Per Diem Eating Disorder Recovery Specialist,Eating Disorder Recovery Specialists,"Tampa, FL",,,
2643607093,Clinician I - M/7/9/21/152/CLN,CATHOLIC CHARITIES DIOCESE OF METUCHEN,"Bridgewater, NJ",,,
2634721802,Senior Product Analyst,Treatwell,"London, England, United Kingdom",,,
2429924826,Analyst Insights 4,Tide,"Hyderabad, Telangana, India",,,
2604292969,Data Engineer,Loftus Labs,"Yakima, WA Remote",,,
2622841109,Business Intelligence Analyst/Engineer,Workstream,San Francisco Bay Area,,,
2511976432,Per Diem Eating Disorder Recovery Specialist,Eating Disorder Recovery Specialists,"Palm Beach, FL",,,
2624842451,selección de personal TI,Huenei IT Services,Mexico Remote,,,
2611772265,"Data Scientist, Marketing Analytics",WITHIN,"New York, United States",,,
2628759939,Sr. Data Analyst,Sirena,"Buenos Aires, Buenos Aires Province, Argentina",,,
2631042299,Director of Data Analytics,Dr. Squatch,"Marina del Rey, CA",,,
2642846550,Sr. Business Analyst (Tableau),brightwheel,"San Francisco, CA",,,
2495903446,Alto Pharmacy - Product Analyst,V3 Talent Partners Inc.,"San Francisco, CA",,,
2642197497,Senior Data Analyst,brightwheel,San Francisco Bay Area,,,
2626930362,Data Analyst,Matic,Greater Drohobych Area,,,
2598073495,Data Quality Engineer,WeVision LLC,"California, United States",,,
2636754214,Psykolog,Region Norrbotten,"Luleå, Norrbotten, Sweden",,,
2577515768,Lead Data Operations (m/w/d) in Voll- oder Teilzeit (80%),Johnson & Johnson,"Neuss, North Rhine-Westphalia, Germany",,,
2488381994,Data Engineer,Netskope,"San Francisco, CA",,,
2637874244,Data Steward,IDFC FIRST Bank,"Bengaluru, Karnataka, India",,,
2642535700,Sr. Data & Analytics Architect (Remote),24 Hour Fitness,"San Ramon, CA Remote",,,
2577518261,Lead Data Operations (m/w/d) in Voll- oder Teilzeit (80%),Johnson & Johnson,"North Rhine-Westphalia, Germany",,,
2610614114,Lead Data Analyst,Ornikar,"Paris, Île-de-France, France Remote",,,
2582480011,IT Patient Data & Analytics Lead,UCB,"Brussels, Brussels Region, Belgium",,,
2599185260,Senior Data Intelligence Engineer,GiddyUp,"Los Angeles, CA Remote",,,
2595431429,Product Analyst – Wise Card,Wise,"Singapore, Singapore",,,
2606495640,Sr. Data Engineer,Renaissance Learning,"Home, KS Remote",,,
2634805776,Product Manager,Publicis Sapient,"Chicago, IL",,,
2625097163,Senior Product Manager,Publicis Sapient,"New York, NY Remote",,,
2549502946,Senior Data Engineer,Envoy,"San Francisco, CA",,,
2605852975,Analytics Engineer (Remote),Madison Reed,"San Jose, CA Remote",,,
2554857781,Traineeship Data Engineer,Dept Agency,"Amsterdam, North Holland, Netherlands",,,
2612098678,Platform Analyst,bol.com,"Utrecht, Utrecht, Netherlands",,,
2600427613,Lead Data Operations (m/w/d) in Voll- oder Teilzeit (80%).,Johnson & Johnson,"North Rhine-Westphalia, Germany",,,
2581041083,Data Engineer,WeVision LLC,"California, United States",,,
2393658281,Business Intelligence,vpTech,Greater Barcelona Metropolitan Area,,,
2636563503,Data Engineer,Little Birdie,"Melbourne, Victoria, Australia",,,
2600210841,Datastage developer,Gathi Analytics,"San Antonio, TX",,,
2612049981,Data Engineer/Scientist,EF Education First,"Shanghai, Shanghai, China",,,
2615542389,Senior Data Analyst,PayFit France,France Remote,,,
2511977137,Per Diem Eating Disorder Recovery Specialist,Eating Disorder Recovery Specialists,"St Petersburg, FL",,,
2577518261,Lead Data Operations (m/w/d) in Voll- oder Teilzeit (80%),Johnson & Johnson,"North Rhine-Westphalia, Germany",,,
2645106213,Data Analyst or Data Engineer - Open to Out of State,Dice,"Spring, TX",,,
2628154117,Customer Loyalty Data Analyst,Paymentsense,"Bristol, England, United Kingdom",,,
2620110973,Data Engineer (100% remoto),NEXT DIGITAL HUB,"Madrid, Community of Madrid, Spain Remote",,,
2627260548,Data Engineer,Druva,"Sunnyvale, CA",,,
2553548997,Marketing Analytics Lead,Tide,"Gurgaon, Haryana, India",,,
2624559297,Data Analyst (Contract to Perm),The Howard Hughes Corporation,"The Woodlands, TX",,,
2623954773,Compliance Data Analyst,Clearcover,"New York, NY Remote",,,
2628563955,Data Engineer,me&u,"Sydney, New South Wales, Australia Remote",,,
2606512579,Senior Data Analyst,Parade,"New York, NY",,,
2619586565,Analytics/Data Engineer,Veronica Beard,"New York, NY",,,
2639120545,Materials Conversion Personnel - Braillist,Saint Paul Public Schools,"Minneapolis–Saint Paul, MN",,,
2590902527,Technical Data Analyst,FIGS,"Santa Monica, CA",,,
2590998220,Data and Insights Manager,Harnham,"Birmingham, England, United Kingdom",,,
2616843029,Enterprise Account Executive,Bigeye,"San Francisco, CA Remote",,,
2632081852,Applications invited for JRF at AIGWES,Amity University,"Dehradun, Uttarakhand, India",,,
2628460194,Revenue Accountant,dbt Labs (formerly Fishtown Analytics),"Us, Île-de-France, France",,,
2626921917,Data Analytics Manager,Dandy,"New York, NY",,,
2608752085,Data Scientist,Audiohook,United States Remote,,,
2636754214,Psykolog,Region Norrbotten,"Luleå, Norrbotten, Sweden",,,
2495255650,Product Data Analyst,Spendesk,"Paris, Île-de-France, France",,,
2615583019,Senior Data Analyst,"Ursus, Inc.","San Francisco, CA",,,
2622347928,Data Analyst,MoonPay,"London, England, United Kingdom Remote",,,
2629830859,Credit Risk Analyst (m/w/x),Grover,"Berlin, Berlin, Germany Remote",,,
2627219208,Sr. Manager Data Engineering,Invitation Homes,Dallas-Fort Worth Metroplex Remote,,,
2535494521,"Lead Software Engineer, Application",Waypoint,"San Francisco, CA Remote",,,
2593328540,"Senior Manager, Customer Experience & Innovation Consulting Strategy",Publicis Sapient,"New York, NY",,,
2626702404,Business Analyst,American Express,"New York, NY",,,
2634667580,Analytics Engineer,FIGS,"Santa Monica, CA",,,
2632086070,Applications invited for JRF at AIGWES,Amity University,"Noida, Uttar Pradesh, India",,,
2570269363,Consulting Lead,Publicis Sapient,"Beijing, China",,,
2582608262,Senior Data Analyst,Airtasker,"Sydney, New South Wales, Australia",,,
2639969282,Senior Data Analyst - Insights,TIER Mobility,"Berlin, Berlin, Germany",,,
2612882018,Senior Data Analyst,Supermetrics,Helsinki Metropolitan Area,,,
2615025303,Data Engineer,Welcome to the Jungle France,"Paris, Île-de-France, France",,,
2625094244,Senior Product Manager,Publicis Sapient,"Boston, MA Remote",,,
2634668411,Data Engineer,FIGS,"Santa Monica, CA",,,
2628149750,Senior Data Scientist - Experimentation,Paymentsense,"London, England, United Kingdom",,,
2635309797,Senior Data Engineer,Inawisdom,"Ipswich, England, United Kingdom Remote",,,
2607107020,Director of Data Engineering and Operations,First Republic Bank,"San Francisco, CA",,,
2610014935,Consultant Data Intelligence CDI - H/F,Talan,"Paris, Île-de-France, France",,,
2554860674,Senior Data Analyst,Mollie,"Amsterdam, North Holland, Netherlands",,,
2635457918,Onderzoeksmedewerker FTILab+ - 100% (DBT C 012),HOGENT,"Ghent, Flemish Region, Belgium",,,
2511974649,Per Diem Eating Disorder Recovery Specialist,Eating Disorder Recovery Specialists,"Jacksonville, FL",,,
2631523000,Business Intelligence Analyst,United Site Services,"Westborough, MA",,,
2635810068,Director/Head of Analytics (f/m/d),wefox,"Berlin, Berlin, Germany",,,
2593153904,"Technical Lead, Data Science",theScore,"Toronto, ON Remote",,,
2589591786,Data Engineer,cLabs,United States Remote,,,
2639990711,Data Engineer,Averity,United States Remote,,,
2628155001,Product Data Analyst,Paymentsense,"London, England, United Kingdom",,,
2640072314,Elevassistenter Off Clinic,Humana AB,"Osby, Skane County, Sweden",,,
2634241091,BI Engineer,Darwin Recruitment,United States Remote,,,
2630826372,"Data Analyst (SQL, Web Analytics, AB testing)",developrec,"London, England, United Kingdom Remote",,,
2646062611,Insights Analyst (Analytics Engineer) - EMEA Remote,Degreed,"London, England, United Kingdom Remote",,,
2605311211,Looker Consultant,LatentView Analytics,"Chennai, Tamil Nadu, India",,,
2640157068,Analytics Engineer,PMG GLOBAL,"California, United States Remote",,,
2557453491,Product Data Scientist,Carta,"Waterloo, ON",,,
2570269363,Consulting Lead,Publicis Sapient,"Beijing, China",,,
2641385919,Analytics Engineer,Rittman Analytics,"Hove, England, United Kingdom",,,
2620869889,Senior Business Analyst,Curve,"London, England, United Kingdom",,,
2636891694,Head of Analytics (m/f/d),LOVOO,"Berlin, Germany",,,
2615380545,"Manager, Analytics & Business Insights",Handy HQ,"New York, NY",,,
2608613013,BI Analyst,Kontist,"Berlin, Berlin, Germany",,,
2615881284,Analytics Engineer,Deel,"San Francisco, CA",,,
2594224543,Data Engineer - USA,InterWorks,"Tulsa, OK",,,
2622843112,Business Intelligence Analyst/Engineer,Workstream,"Utah, United States",,,
2630176841,DBT Solutions Architect,BigR.io,"Boston, MA",,,
2639376094,Senior Data Scientist,JW Player,"New York, NY Remote",,,
2535494521,"Lead Software Engineer, Application",Waypoint,"San Francisco, CA Remote",,,
2625575104,Un QA Postman (IT),Carriere-info.fr,"Paris, Île-de-France, France",,,
2618831379,Business Intelligence Manager,Clearco,"Toronto, ON Remote",,,
2643157571,Senior Data Engineer - Remote till covid,Dice,"Raleigh, NC Remote",,,
2608226355,Data Scientist,Boral,"Sydney, New South Wales, Australia",,,
2646061631,Insights Analyst (Analytics Engineer) - Australia Remote,Degreed,Australia Remote,,,
2605522563,Data Engineer,Firebolt,"San Francisco, CA",,,
2588865840,Marketing Analytics Lead,Tide,"Hyderabad, Telangana, India",,,
2624468155,Data Engineer,io173,"Manchester, England, United Kingdom",,,
2479973224,Data Engineer III - Bonobos,Bonobos,"New York, NY",,,
2626405305,Senior Data Analyst,Supermetrics,"Helsinki, Southern Finland, Finland",,,
2618774266,Analytics Engineer,Madison Reed,San Francisco Bay Area Remote,,,
2590463793,Lead Data Analyst H/F,Gojob,"Aix-en-Provence, Provence-Alpes-Côte d'Azur, France",,,
2612224854,Data analyst (Data team) H/F,Veepee,"Paris, Île-de-France, France",,,
2615385084,Analytics Manager,Handy HQ,"New York, NY",,,
2367082531,Team Lead Data Analytics - Product,N26,"Berlin, Berlin, Germany",,,
2615050865,Senior Data Engineer,Robert Walters,United States Remote,,,
2612416007,"Senior Associate, Customer Experience Strategy & Innovation Consulting",Publicis Sapient,"New York, NY",,,
2568599633,Product Analytics Manager,Miro,"Berlin, Berlin, Germany",,,
2615540089,Data Engineer,Momentive.ai,"Portland, OR Remote",,,
2634243129,Senior Data Engineer,The Phoenix Group,New York City Metropolitan Area Remote,,,
2641382704,Senior Data Engineer,Lohika,Ukraine Remote,,,
2600040713,Senior Data Engineer,Jettison,New York City Metropolitan Area Remote,,,
2645511161,Analytics Engineer,Epidemic Sound,"Stockholm, Stockholm County, Sweden",,,
2635379005,"Senior Developer (Snowflake, SQL, Python, DBT)",Tata Consultancy Services,"Plano, TX",,,
2646064521,Insights Analyst (Analytics Engineer) - EMEA Remote,Degreed,"Stockholm, Stockholm County, Sweden Remote",,,
2613411085,Data Analytics Manager,AXS,"London, England, United Kingdom",,,
2626405303,Head of Data,Supermetrics,"Helsinki, Southern Finland, Finland",,,
2646063504,Insights Analyst (Analytics Engineer) - EMEA Remote,Degreed,"Paris, Île-de-France, France Remote",,,
2645511161,Analytics Engineer,Epidemic Sound,"Stockholm, Stockholm County, Sweden",,,
2620541228,"Manager, Business Intelligence",Horizon Media,"New York, NY",,,
2631081938,Senior Data Engineer,TUI,Spain Remote,,,
2625163790,Data Analyst - Product,tails.com,"Richmond, England, United Kingdom",,,
2628459029,Analytics Engineer,dbt Labs (formerly Fishtown Analytics),"Us, Île-de-France, France",,,
2611823811,Senior Data Engineer,NewsBreak,"Mountain View, CA",,,
2621952328,Data Engineer,Princess Polly,"West Hollywood, CA",,,
2642401355,Data Engineer,Stamps.com,"London, England, United Kingdom",,,
2615540082,Data Engineer,Momentive.ai,"Seattle, WA Remote",,,
2646062608,Insights Analyst (Analytics Engineer) - EMEA Remote,Degreed,"Zurich, Zurich, Switzerland Remote",,,
2582612887,Data Analytics Engineer,TheVentureCity,United States Remote,,,
2633097226,Data Integration Analyst,HackerOne,"Northmoor Green or Moorland, England, United Kingdom",,,
2607548876,Director of Analytics (Remote),MarketerHire,"Chicago, IL Remote",,,
2598508314,Product Analyst – London,Wise,"London, England, United Kingdom",,,
2269101415,Senior Research Fellow,,"Noida, Uttar Pradesh, India",,,
2608069576,Traineeship Data Engineer,Dept,"Rotterdam, South Holland, Netherlands",,,
2628459028,"Product Manager, Developer Experience",dbt Labs (formerly Fishtown Analytics),"Us, Île-de-France, France",,,
2600600499,Associate Product Manager / BA,Horizontal Talent,"Houston, TX Remote",,,
2628571590,Analytics Engineer,Joon Solutions,Vietnam Remote,,,
2613619353,Sr. Data Engineer,Renaissance Learning,United States Remote,,,
2625711460,Senior Data Engineer,RXNT,United States Remote,,,
2593333087,Data Architect,Hashmap,"Toronto, ON Remote",,,
2588498178,Senior Data Engineer,Finexio,"Charlotte, NC",,,
2625716805,Senior Data Engineer,RXNT,United States Remote,,,
2613619353,Sr. Data Engineer,Renaissance Learning,United States Remote,,,
2626922948,Marketing Analyst,WeAddo,"Gurgaon, Haryana, India",,,
2602953652,Head of Pharmaceutical Sciences Digital Sciences,UCB,"Braine-l’Alleud, Walloon Region, Belgium",,,
2605030574,Data Governance Manager,Degreed,United States Remote,,,
2626218217,Analytics Engineer,Dice,"South Jordan, UT",,,
2626477306,"Staff Software Engineer, Metadata",dbt Labs (formerly Fishtown Analytics),United States Remote,,,
2630844384,Senior Data Analyst - Insights (m/f/d),TIER Mobility,"Berlin, Germany",,,
2605718208,Vi söker en Terapeut med kompetens inom DBT och KBT,Finjagården AB,"Hässleholm, Skane County, Sweden",,,
2621696721,Director Business Consulting,Publicis Groupe,"Beijing, China",,,
2627327655,"Senior Software Engineer, Data (Remote Friendly)",Vouch Insurance,"San Francisco, CA Remote",,,
2602409250,"Data Developer - GCP, AWS, dbt",Harnham,"London, England, United Kingdom",,,
2631478364,Senior Data & Analytics BI Developer,IQ-EQ,"Pasig, National Capital Region, Philippines",,,
2611895760,CHEF DE PROJET BI - EPM H/F,Hermès,"Pantin, Île-de-France, France",,,
2590804492,Senior Data Engineer,EZ Texting,United States Remote,,,
2638769236,Data & Analytics Engineer,TribalScale,"London, England, United Kingdom",,,
2634810426,Senior Product Manager,Publicis Sapient,"Toronto, ON",,,
2612416002,"Senior Associate, Customer Experience Strategy & Innovation Consulting",Publicis Sapient,"Boston, MA",,,
2593320884,Consultant Customer Experience et Innovation H/F,Publicis Sapient,"Paris, Île-de-France, France",,,
2594343328,"Senior Data Engineer, Data Platform",Carta,"Seattle, WA",,,
2631257658,Analytics Engineer (m/f/d),SellerX,"Berlin, Germany Remote",,,
2593333178,"Senior Manager, Customer Experience & Innovation Consulting Strategy",Publicis Sapient,"Chicago, IL",,,
2626496520,"Director of Engineering, Product",dbt Labs (formerly Fishtown Analytics),Greater Fort Collins Area,,,
2638474063,Data Engineer,FastSpring,"Santa Barbara, CA",,,
2594343328,"Senior Data Engineer, Data Platform",Carta,"Seattle, WA",,,
2639965924,Team Lead - Growth Analytics (m/f/d),TIER Mobility,"Berlin, Berlin, Germany",,,
2602429267,Architect,Mphasis,"New York, NY",,,
2646064518,Insights Analyst (Analytics Engineer) - EMEA Remote,Degreed,"Leiden, South Holland, Netherlands Remote",,,
2590804492,Senior Data Engineer,EZ Texting,United States Remote,,,
2609373987,Contract Senior Analyst (SFMC),Blue State,"New York, NY",,,
2641911345,Full Stack Engineer,Pitisci & Associates,Greater Tampa Bay Area,,,
2627211891,Vice President of Data Engineering,Leading Consumer Technology Brand,"Seattle, WA",,,
2606107715,Data Analyst - OneFootball Network,OneFootball,"Berlin, Germany",,,
2630121800,Big Data Engineer,Tredence Inc.,United States Remote,,,
2582619827,Data Engineer III,Momentive.ai,"Portland, OR",,,
2608168749,"Data Scientist, Analytics",FastAF,"Hart's Location, NH",,,
2628454583,Sr. Marketing Operations Manager,dbt Labs (formerly Fishtown Analytics),"Us, Île-de-France, France",,,
2599879950,Data Engineer,GoCanvas,United States Remote,,,
2638514953,Senior Data Analyst (m/f/x),CLARK,"Berlin, Berlin, Germany",,,
2616158391,Business Analyst,Capital On Tap,"London, England, United Kingdom",,,
2634682974,Senior Data Engineer,M13h,Greater Paris Metropolitan Region,,,
2482861728,Data Engineer,PlayVS,Los Angeles Metropolitan Area Remote,,,
2610473806,Senior Data Analyst (Remote - North & South America),Elevate Labs,"Atlanta, GA Remote",,,
2638624834,Data Engineer,FM:Systems,United States Remote,,,
2622703876,Sjuksköterska,Finjagården AB,"Hässleholm, Skane County, Sweden",,,
2617811831,Data Engineer/Scientist,EF EdTech,"Shanghai, Shanghai, China",,,
2633096613,BI quality Engineer,Dice,United States Remote,,,
2627215385,Database Engineer,AedoAI Inc.,"Vancouver, BC",,,
2625366324,Senior Data Analyst - Marketing,Snowflake,"Amsterdam, North Holland, Netherlands",,,
2482873910,Data Engineer,Pluralsight,"Sacramento, CA Remote",,,
2629126608,Senior Data Analyst (m/f/x),CLARK,"Frankfurt am Main, Hesse, Germany",,,
2625870249,Google Cloud Data Analyst,Ancoris,"Bracknell, England, United Kingdom",,,
2584399856,Senior BI Developer,Octopus,"Fleet Street, England, United Kingdom",,,
2605853845,Analytics Engineer (Remote),Madison Reed,"Atlanta, GA Remote",,,
2166970646,Senior Data Engineer,"Checkr, Inc.","San Francisco, CA Remote",,,
2522291627,Data Engineer,Inspire,"Santa Monica, CA",,,
2519953783,Senior Data Engineer,,"Brooklyn, NY Remote",,,
2510681546,"Senior Manager, Revenue Operations",LeadIQ,"San Francisco, CA Remote",,,
2593728925,"Senior Analyst, Business Intelligence",Postscript,United States Remote,,,
2614178922,Analytics Engineer,BUX,"Amsterdam, North Holland, Netherlands",,,
2631330564,Data Engineer,Jobot,"New York, NY Remote",,,
2616453458,Data Analytics Engineer,Keap,"Chandler, AZ",,,
2627090208,Data Engineer,Modis,Greater Cleveland,,,
2626616127,Data Analytics Engineer,Getaround,"Paris, Île-de-France, France",,,
2624510233,Python Developer,Cygilant,"Belfast, Northern Ireland, United Kingdom",,,
2598772425,"Analytics Engineer, EHR",RXNT,"Annapolis, MD",,,
2571268271,Strategy and Analytics - Analytics Engineering Manager,Lucid,"Salt Lake City, UT",,,
2635663417,Data Architect,OneSource Consulting,"Amsterdam, North Holland, Netherlands Remote",,,
2612893458,Senior Data Engineer,Brooksource,"Tampa, FL Remote",,,
2631478626,Data Engineer,Paxus,"Adelaide, South Australia, Australia",,,
2571263882,"Strategy and Analytics, Analytics Engineer II",Lucid,"Salt Lake City, UT",,,
2623575846,Senior Data Scientist,Metrica Recruitment,"London, England, United Kingdom",,,
2608395401,Senior / Staff Data Analyst,Platform Science,"San Diego, CA Remote",,,
2631478626,Data Engineer,Paxus,"Adelaide, South Australia, Australia",,,
2627090208,Data Engineer,Modis,Greater Cleveland,,,
2626105652,"Senior Data Analyst, Operations",Monzo Bank,"London, England, United Kingdom",,,
2596242306,Python Data Engineer,Insight Global,United States Remote,,,
2613753050,Marketing Data Analyst (Maternity Cover),Dext,"Sofia, Sofia City, Bulgaria",,,
2635317284,Senior Data Scientist,Plenty®,"Laramie, WY",,,
2637905854,Data Analyst - Real Estate 12m,AMP,"Sydney, New South Wales, Australia",,,
2626498420,"Director of Engineering, Platform",dbt Labs (formerly Fishtown Analytics),Greater Fort Collins Area,,,
2617753401,Senior Data Analyst,Dandy,"New York, NY",,,
2416389064,Junior BI Analyst (MicroStrategy),Veepee,"Barcelona, Catalonia, Spain",,,
2589019142,Senior Snowflake Data Engineer-Snowpipe Specialist,BigR.io,"Massachusetts, United States Remote",,,
2633096613,BI quality Engineer,Dice,United States Remote,,,
2616967742,Data Engineer - USA,InterWorks,Oklahoma City Metropolitan Area,,,
2627215385,Database Engineer,AedoAI Inc.,"Vancouver, BC",,,
2412195660,"Data Engineer (Datawarehousing, PBI, ETL)","Datamtx, LLC",Sri Lanka Remote,,,
2629181778,(All Levels) Analytics Engineer - Growth (m/f/d),Trade Republic,"Berlin, Berlin, Germany",,,
2623300475,Senior Data Analyst,99.co,"Jakarta, Jakarta, Indonesia",,,
2646408492,Applications invited for JRF/Project Associate,Amity University,"Noida, Uttar Pradesh, India",,,
2608122146,Senior Data Engineer,Updater,"San Francisco, CA Remote",,,
2613884207,Familjebehandlare i FFT teamet,Lunds kommun,"Lund, Skane County, Sweden",,,
2565625880,Database Engineer,AedoAI Inc.,Greater Ottawa Metropolitan Area,,,
2465576541,Senior Data Analyst,EPAM Systems,"Lviv, Lviv, Ukraine",,,
2589127827,Lead Analytics Engineer,Year Up,"Boston, MA",,,
2594227677,Senior Analytics Engineer,Year Up,"Boston, MA",,,
2600224059,Data Architect,Kloudle,India Remote,,,
2635310977,Analytics Engineer,Hedvig,"Stockholm, Stockholm County, Sweden",,,
2627720144,Sr. Analytics Engineer,Frame.io,"New York, NY",,,
2605858146,Analytics Engineer (Remote),Madison Reed,"Chicago, IL Remote",,,
2635372799,"Senior Datastage Developer (Datastage, dbt, Snowflake(Cloud DB), SQL, Cloud ETL Tools, Hadoop)",Tata Consultancy Services,"San Antonio, TX",,,
2628152575,Senior BI Analyst - Risk,Paymentsense,"London, England, United Kingdom",,,
2631012931,Data Engineer,Quickbase,United States Remote,,,
2622846192,"Senior Manager, Automation Platform Software",Zymergen,"Emeryville, CA",,,
2615566449,Data Visualisation Consultants,Arq Group,"Sydney, New South Wales, Australia",,,
2612411588,"Senior Associate, Customer Experience Strategy & Innovation Consulting",Publicis Sapient,"Chicago, IL",,,
2609252974,Data Engineer,Gloat,"Tel Aviv, Israel",,,
2604970273,Data Analytics Engineer,Annapurna Recruitment,Copenhagen Metropolitan Area,,,
2444472621,Data Engineer,Dept Agency,"Amsterdam, North Holland, Netherlands",,,
2599624338,eCom Senior Business Intelligence Engineer,PepsiCo,"New York, NY",,,
2609439047,Senior Data Engineer,West Creek,"Richmond, VA",,,
2623969381,Business Intelligence Analyst I,Mindbody,"Pune, Maharashtra, India",,,
2612401200,Senior Data Engineer,Ornikar,"Paris, Île-de-France, France Remote",,,
2613480893,CHEF DE PROJET BI - EPM H/F,Hermès,"Pantin, Île-de-France, France",,,
2592651033,Data Engineer,carsales.com.au,"Richmond, Victoria, Australia",,,
2601635999,Data Engineer,Liligo,"Budapest, Hungary",,,
2630121417,Analytics Engineer,PayFit France,"Paris, Île-de-France, France Remote",,,
2613412245,Data Engineer,Bombinate,"England, United Kingdom Remote",,,
2602317102,Head of Pharmaceutical Sciences Digital Sciences,UCB,"Braine-l’Alleud, Walloon Region, Belgium",,,
2465576541,Senior Data Analyst,EPAM Systems,"Lviv, Lviv, Ukraine",,,
2615039139,System Engineer,ManpowerGroup,"San Diego, CA Remote",,,
2634231275,Machine Learning Engineer,Checkout.com,"London, England, United Kingdom",,,
2567805611,Staff Data Engineer (Americas - Remote),Shopify,Canada Remote,,,
2615537565,Data Engineer,Momentive.ai,Canada Remote,,,
2639125468,Psykiatrisjuksköterska,Västra Götalandsregionen,"Stenungsund, Vastra Gotaland County, Sweden",,,
2635262461,Big Data Engineer,Dice,"San Francisco, CA",,,
2640935507,Fellowship - Radiology,,"Kolkata, West Bengal, India",,,
2612706218,Timanställda behandlingsassistenter,Apelgårdens Hvb i Blekinge AB,"Tingsryd, Kronoberg County, Sweden",,,
2589127827,Lead Analytics Engineer,Year Up,"Boston, MA",,,
2616191226,Back-End & Data Engineer,Vianova I/O,France Remote,,,
2590998776,Senior Data Engineer,"Ursus, Inc.","San Francisco, CA",,,
2622620265,Data Engineer,MAX Burgers,"Stockholm, Stockholm County, Sweden",,,
2639123729,Psykiatrisjuksköterska,Västra Götalandsregionen,"Stenungsund, Vastra Gotaland County, Sweden",,,
2612705619,Behandlingscoach allmän visstidsanställning (timvik),Finjagården AB,"Hässleholm, Skane County, Sweden",,,
2628459170,Senior Product Marketing Manager,dbt Labs (formerly Fishtown Analytics),"Us, Île-de-France, France",,,
2637425930,Business Intelligence Engineer,Ruby,"Phoenix, AZ",,,
2628460149,"Director of Engineering, Product",dbt Labs (formerly Fishtown Analytics),"Us, Île-de-France, France",,,
2628532622,Data Engineer,Movi Vietnam,"Ho Chi Minh City, Vietnam",,,
2624837879,Senior Data Analyst,Orange Quarter,"Amsterdam, North Holland, Netherlands",,,
2594227677,Senior Analytics Engineer,Year Up,"Boston, MA",,,
2630637596,Analytics Engineer,SaltPay,"Copenhagen, Capital Region, Denmark",,,
2645112480,Senior Data Engineer,Finexio,"Atlanta, GA",,,
2643834426,"Data warehouse engineer/Data Engineer/BI Engineer - Pre-IPO company (Snowflake, DBT, Looker, Fivetran) -- FTE 185K, stock, bonus, benefits 100% remote",Dice,United States Remote,,,
2634692991,Senior Data Engineer,Conexus,"Berlin, Germany",,,
2608282882,Lead Production Control Analyst,Theoris Services,"Indianapolis, IN Remote",,,
2593095640,Analytics Engineer - Point of Sale,SumUp,"Paris, Île-de-France, France",,,
2631325460,Data Engineer,Movi Vietnam,"Ho Chi Minh City, Vietnam",,,
2610884215,Data Engineer,Daniel Wellington AB,"Stockholm, Stockholm County, Sweden",,,
2626219514,Analytics Engineering Manager,Dice,"South Jordan, UT",,,
2482874779,Data Engineer,Pluralsight,"Ithaca, NY Remote",,,
2600611523,Data Engineer/Data Analyst,Altman Solon,"New York, NY",,,
2606132327,Analytics Engineer,Electric,New York City Metropolitan Area Remote,,,
2622676636,Analytics Engineer,Instabox,Stockholm Metropolitan Area,,,
2626004775,Weaddo - Marketing Analyst,WeAddo,"Gurugram, Haryana, India",,,
2621465114,Business Analyst,FishBrain AB (publ),"Stockholm, Stockholm County, Sweden",,,
2616842039,Senior Sales Engineer,Bigeye,"San Francisco, CA Remote",,,
2616911028,Data Engineer,ENGIE UK & Ireland,"London, England, United Kingdom",,,
2639779821,Data Engineer,Scrive,"Stockholm, Stockholm County, Sweden",,,
2630125397,Analytics Engineer,PayFit France,"Milan, Lombardy, Italy Remote",,,
2628456694,"Director of Engineering, Platform",dbt Labs (formerly Fishtown Analytics),"Us, Île-de-France, France",,,
2617709420,Data Analytics Manager - Fintech,Michael Page,"Jakarta, Jakarta, Indonesia",,,
2637431003,Business Intelligence Engineer,Ruby,"Houston, TX",,,
2575569880,Data Engineer H/F,OpenClassrooms,"Paris, Île-de-France, France Remote",,,
2637430119,Business Intelligence Engineer,Ruby,"Portland, OR",,,
2626701249,Data Engineer,TalentNet,Canada Remote,,,
2631088098,Behandlare till team Dagsjukvård med DBT-inriktning,"Sahlgrenska Universitetssjukhuset, Psykiatri Affektiva, Psykiatrimottagning","Göteborg, Vastra Gotaland County, Sweden",,,
2640425069,Data Engineer,Entera,"New York, NY",,,
2575569880,Data Engineer H/F,OpenClassrooms,"Paris, Île-de-France, France Remote",,,
2627339875,Business Intelligence Developer,Muster Limited,"Auckland, Auckland, New Zealand",,,
2646646686,Data Specialist,Intelipost,"São Paulo, São Paulo, Brazil Remote",,,
2604543613,Analytics Engineer,HubSpot,United States Remote,,,
2611022334,Psykolog,REGION JÖNKÖPINGS LÄN,"Värnamo, Jonkoping County, Sweden",,,
2639121212,Psycholog*in im Bereich Therapeutische Jugendwohngruppen Kennziffer 11/2021,DER STEG gGmbH,"Berlin, Berlin, Germany",,,
2628141295,Business Intelligence Analyst,Finiata,"Berlin, Berlin, Germany",,,
2626010108,Brndaddo - Marketing Analyst,Brndaddo,"Gurugram, Haryana, India",,,
2635457922,Wetenschappelijk medewerker Onderzoekscentrum FTILab+ - 100% (DBT C 013),HOGENT,"Ghent, Flemish Region, Belgium",,,
2258766835,Post-Doctoral Fellow,Tmi Ikiloop,"Pune, Maharashtra, India",,,
2609435793,Senior Data Engineer,West Creek,"Arlington, VA",,,
2627704188,Behandlare till team Dagsjukvård med DBT-inriktning,Västra Götalandsregionen,"Göteborg, Vastra Gotaland County, Sweden",,,
2597356542,"Analyst, Product Strategy and Development",AllianceBernstein,"Nashville, TN",,,
2612701751,Behandlare,Apelgårdens Hvb i Blekinge AB,"Ronneby, Blekinge County, Sweden",,,
2624735655,Product Manager,Publicis Sapient,"Milan, Lombardy, Italy",,,
2645215015,Spark Developer (Remote Working),Samaira HR Solutions,"Mumbai, Maharashtra, India Remote",,,
2616917012,Product Analyst – Wise Card,WISE ASIA-PACIFIC PTE. LTD.,"Singapore, Singapore",,,
2621703409,Software Engineer 1 (Full-Stack),dbt Labs (formerly Fishtown Analytics),Greater Fort Collins Area,,,
2637427687,Business Intelligence Engineer,Ruby,"Eugene, OR",,,
2633434315,Senior Data Analyst,JULO,"Jakarta, Jakarta, Indonesia",,,
2569709030,Sr Data Engineer,"Datamtx, LLC",Sri Lanka Remote,,,
2629987280,Business Intelligence Manager (m/w/d),Project A Ventures,"Hamburg, Hamburg, Germany",,,
2371874073,Senior Data Engineer,Penn Interactive,"Philadelphia, PA Remote",,,
2594328237,LEAD DATA ENGINEER,Penn Interactive,"Philadelphia, PA",,,
2284883444,"Senior Analytics Engineer - SQL, DBT, AWS",Harnham,"London, England, United Kingdom",,,
2606311827,Data Engineer,Attra,"Melbourne, Victoria, Australia",,,
2639119792,Senior Product Manager,PUBLICIS GROUPE SA,"Calgary, AB",,,
2630824708,"Senior BI Analyst (SQL, Web Analytics, AB testing)",developrec,"London, England, United Kingdom Remote",,,
2647422975,Senior Big Data Engineer,Cricut,"Austin, TX Remote",,,
2482878063,Data Engineer,Pluralsight,"Rochester, NY Remote",,,
2579856597,Marketing Senior Data Analyst (MuleSoft),Salesforce,"New York, NY",,,
2634807781,Data Analytics Engineer - Finance,Checkout.com,"London, England, United Kingdom",,,
2626403630,Data Engineer - Consultant,Supermetrics,"Helsinki, Southern Finland, Finland",,,
2565809067,Data Engineer,Deel,"Eu, Normandy, France Remote",,,
2605647059,Analytics Engineer,HubSpot,United States Remote,,,
2628153400,Data Engineer,Paymentsense,"London, England, United Kingdom",,,
2612636165,Senior Data Engineer,Art Processors,Australia Remote,,,
2628540827,Data Engineer,Conexus,"Berlin, Germany",,,
2626573914,Interim Data Engineer (3 month contract),Unbiased,"London, England, United Kingdom",,,
2642289670,Data Engineer,Metapack Group,"London, England, United Kingdom",,,
2633905710,Informatica+Snowflake/Technical Lead,Diverse Lynx,"Santa Clara, CA",,,
2610894553,Data Engineer,ButterflyMX®,"New York, NY Remote",,,
2542379990,Data Analytics Engineer - Core,Checkout.com,"London, England, United Kingdom",,,
2631609090,Lead Data Engineer,Wrapbook,Canada Remote,,,
2622202115,Data Integration Experts,Persistent Systems,"Pune, Maharashtra, India",,,
2615538263,Data Engineer,Momentive.ai,"Ottawa, ON Remote",,,
2590996440,Data Engineer,Momentive.ai,"Amsterdam, North Holland, Netherlands",,,
2596253386,Product Owner (BI/Data Analytics),AlphaSense,"Pune, Maharashtra, India",,,
2622202115,Data Integration Experts,Persistent Systems,"Pune, Maharashtra, India",,,
2639117949,Senior Product Manager,PUBLICIS GROUPE SA,"Toronto, ON",,,
2635664112,Senior Data Engineer,6thStreet.com,"Bengaluru, Karnataka, India",,,
2620527564,Data Engineer,Fleet Studio,"Chennai, Tamil Nadu, India Remote",,,
2608832425,"LEAD BI ANALYST (SQL, LOOKER, DBT)",Harnham,"London, England, United Kingdom",,,
2622195942,Data Integration Experts,Persistent Systems,"Marmagao, Goa, India",,,
2284883444,"Senior Analytics Engineer - SQL, DBT, AWS",Harnham,"London, England, United Kingdom",,,
2622198676,Data Integration Experts,Persistent Systems,"Nagpur, Maharashtra, India",,,
2632191331,Advanced Analytics Lead,Comcast,"New York, NY",,,
2594328237,LEAD DATA ENGINEER,Penn Interactive,"Philadelphia, PA",,,
2637430120,Business Intelligence Engineer,Ruby,"Austin, TX",,,
2622201413,Data Integration Experts,Persistent Systems,"Bengaluru North, Karnataka, India",,,
2624075810,Data Architect (Remote),24 Seven Talent,"New York, NY Remote",,,
2626060542,Senior Data Engineer,City of Detroit,"Detroit, MI Remote",,,
2636725387,Psykolog till Luleå Närpsykiatri,REGION NORRBOTTEN,"Luleå, Norrbotten, Sweden",,,
2643673413,Psykolog,Region Jönköpings län,"Värnamo, Jonkoping County, Sweden",,,
2633856986,Data Warehouse Develoepr,inSync Staffing,"Irvine, CA",,,
2633899641,Snowflake+DBT+Python developer,Diverse Lynx,"Plano, TX",,,
2576849174,Senior Product Data Analyst (Remote),Andela,"New York, NY Remote",,,
2629759775,Senior Manager Business Intelligence,Harnham,"London, England, United Kingdom",,,
2592641356,Director of Data & Analytics,Apex Systems,"Suffolk, VA",,,
2633890768,"ETL with Snowflake / San Antonio, TX ,6 + Months",Suncap Technology,"San Antonio, TX",,,
2634718685,Data Engineer,Dept Agency,"Amsterdam, North Holland, Netherlands",,,
2621140371,Senior Manager - Data & Analytics Architect,OnPrem Solution Partners,"New York, NY",,,
2504901400,Data Architect/Engineer,ProArch Consulting Services Private Limited,"New York, United States",,,
2625095289,Senior Product Manager,Publicis Sapient,"Chicago, IL",,,
2628152581,BI Engineer,Paymentsense,"London, England, United Kingdom",,,
2634718685,Data Engineer,Dept Agency,"Amsterdam, North Holland, Netherlands",,,
2285348439,Psychologe (m/w/d) für das Zentrum für Psychosoziale Gesundheit (ZfPG),Klinikum Niederlausitz GmbH,"Senftenberg, Brandenburg, Germany",,,
2599975552,Analytics Engineer,GoCardless,"London, England, United Kingdom",,,
2626403609,Data Engineer - Consultant,Supermetrics,"Atlanta, GA",,,
2437120383,Big Data Engineer,Wallbox Chargers,"Barcelona, Catalonia, Spain",,,
2437982011,Analytics Engineer,iptiQ by Swiss Re,"Hoofddorp, North Holland, Netherlands",,,
2600612664,Data Engineer/Data Analyst,Altman Solon,"Boston, MA",,,
2605700614,Business Intelligence Analyst II,Mindbody,"Pune, Maharashtra, India",,,
2622350652,Senior Data Analyst,MoonPay,"London, England, United Kingdom Remote",,,
2634230129,Data Architect,HCL Technologies,"Amsterdam, North Holland, Netherlands",,,
2612854805,"Engineering Manager, Data",Averity,"New York, NY",,,
2482878062,Data Engineer,Pluralsight,"San Diego, CA Remote",,,
2594339530,"Senior Data Engineer, Data Platform",Carta,"Waterloo, ON",,,
2482878061,Data Engineer,Pluralsight,"Los Angeles, CA Remote",,,
2640668098,冥想内容研发,浙江强脑科技有限公司,"Hangzhou, Zhejiang, China",,,
2482879044,Data Engineer,Pluralsight,"Los Angeles, CA Remote",,,
2598075560,Business Intelligence Manager- Tech,Zego,United Kingdom Remote,,,
2425957994,"Senior Data Scientist, Financial Crime",Monzo Bank,"London, England, United Kingdom",,,
2639971072,Team Lead - Finance Analytics (m/f/d),TIER Mobility,"Berlin, Berlin, Germany",,,
2479016094,Analytics Engineer,LeadIQ,United States Remote,,,
2622200555,Data Integration Experts,Persistent Systems,"Hyderabad, Telangana, India",,,
2637148269,Data Engineer,C2FO,United States Remote,,,
2641191518,Senior ETL Developer,Diverse Lynx,"San Antonio, TX",,,
2504901400,Data Architect/Engineer,ProArch Consulting Services Private Limited,"New York, United States",,,
2507594958,Sr Marketing Analyst,Tonal,"Toronto, ON",,,
2607128057,Business intelligence data analyst,Retail Options,"New York, NY Remote",,,
2567809036,Senior Data Engineer (Americas - Remote),Shopify,Canada Remote,,,
2616253057,Highways Team Leader OPRC - Mozambique,ewi recruitment,"Ilha de Moçambique, Nampula, Mozambique",,,
2610172984,Digital Business Transformation Lead,UCB,"Oakville, ON",,,
2597353763,"Manager, Product Strategy and Development",AllianceBernstein,"Nashville, TN",,,
2617578342,UCS Administrator (Intermediate) UCSSA-7,General Dynamics Information Technology,"Sierra Vista, AZ",,,
2599975552,Analytics Engineer,GoCardless,"London, England, United Kingdom",,,
2630665624,Vi söker psykolog till enheten för intensiv kontextuell behandling – IKB,REGION UPPSALA,"Uppsala, Uppsala County, Sweden",,,
2627240196,"Sr. Manager, Data Engineering",Invitation Homes,"Dallas, TX",,,
2622713288,"Samordnare, HVB flickor lägenhet",Active Omsorg i Linköping AB,"Linköping, Ostergotland County, Sweden",,,
2635326099,Senior Data Scientist - Technical Lead,Crunch Analytics,"Ghent, Flemish Region, Belgium",,,
2629182798,Business Intelligence Manager (m/f/d),Project A Ventures,"Hamburg, Hamburg, Germany",,,
2615562823,Senior Data Visualisation Consultants,Arq Group,"Sydney, New South Wales, Australia",,,
2635494565,Data Engineer - Experimentation Platform,ODA,"Oslo, Oslo, Norway",,,
2467961975,Data Engineer,Itential,"Atlanta, GA Remote",,,
2646016962,Senior Data Engineer,Dice,"San Diego, CA",,,
2607129006,Business intelligence data analyst,Retail Options,"Boston, MA Remote",,,
2628456549,Software Engineer 1 (Full-Stack),dbt Labs (formerly Fishtown Analytics),"Us, Île-de-France, France",,,
2637427686,Business Intelligence Engineer,Ruby,"Dallas, TX",,,
2628152581,BI Engineer,Paymentsense,"London, England, United Kingdom",,,
2603647546,Data Operations Manager,Boral,"Sydney, New South Wales, Australia",,,
2612691780,Data Engineering Architect,Flowcode,"New York, NY",,,
2598541374,Senior BI Developer,IQ-EQ,"London, England, United Kingdom",,,
2534740926,Data Engineer,Netskope,"Austin, TX",,,
2643406760,Sjuksköterska psykiatrisk öppenvård,REGION KALMAR LÄN,"Vimmerby, Kalmar County, Sweden",,,
2605517947,"Backend Engineer, Ecosystem Team, US",Firebolt,"San Francisco, CA",,,
2594617681,Analytics Innovation Team - Data Engineer / Data Analyst,Altman Solon,"Mexico City, Mexico",,,
2482878064,Data Engineer,Pluralsight,"New York, NY Remote",,,
2633117016,Data Engineer (m/f/d),HomeToGo,"Berlin, Germany",,,
2555873564,Sr. Data Engineer – Snowflake,ServiceNow,"Santa Clara, CA",,,
2629702306,Senior Business Intelligence Engineer,Harnham,"London, England, United Kingdom",,,
2621675887,Team Lead - Growth Analytics (m/f/d),TIER Mobility,"Berlin, Berlin, Germany",,,
2643164164,Datastage Developer,eTeam,"South Plainfield, NJ",,,
2612578803,BI / SQL Developer,LeasePlan,"Amsterdam, North Holland, Netherlands",,,
2608549272,Data Engineer (f/m/d),join.com,"Berlin, Berlin, Germany",,,
2630792109,"Director, Data Analytics",Dialpad,"Vancouver, BC",,,
2634809688,Senior Product Manager,Publicis Sapient,"Calgary, AB",,,
2621138746,Senior Manager - Data & Analytics Architect,OnPrem Solution Partners,"Los Angeles, CA",,,
2484016589,Software Engineer - Forward Deployed Engineer,Transform,United States Remote,,,
2627236781,Senior Manager-Director of Data Warehouse,"Yoh, A Day & Zimmermann Company","New York, NY",,,
2482876496,Data Engineer,Pluralsight,Buffalo-Niagara Falls Area Remote,,,
2626212783,"Senior Analytics Engineer, Practice Management",RXNT,"Annapolis, MD",,,
2633907842,Technical Lead,Diverse Lynx,"San Antonio, TX",,,
2628773736,Data Full Stack H/F,Pronto Home Repairs,"Paris, Île-de-France, France",,,
2630370171,Senior Business Intelligence (BI) Engineer,"Patriot Software, LLC","Canton, OH",,,
2621322900,Senior Software Engineer - Data Platform,CertiK,"New York, United States Remote",,,
2513131024,Senior Analytics Engineer- DBT,Harnham,"London, England, United Kingdom",,,
2626909210,Data Analyst - OneFootball Network,OneFootball,"Berlin, Berlin, Germany",,,
2460385997,DevOps Engineer,Children's Hospital of Philadelphia,"Philadelphia, PA",,,
2608707597,Data Engineer,Proticom,"Phoenix, AZ",,,
2646025921,Analytics Engineer (Digital Analytics),G2A.COM,"Kraków, Łódzkie, Poland Remote",,,
2611727574,Data Engineer,Wallbox Chargers,"Barcelona, Catalonia, Spain",,,
2608409869,PayLater Data Analyst,Traveloka,"Tangerang, Banten, Indonesia",,,
2557454817,Business intelligence data analyst,Retail Options,"Philadelphia, PA Remote",,,
2612183909,Analytics Engineer,Thread,"London, England, United Kingdom",,,
2616153976,Lead of Analytics Engineering,JOOR,"New York, NY",,,
2605309291,Analytics Engineer,Swile,"Paris, Île-de-France, France",,,
2615562820,Associate Data Engineers,Arq Group,"Sydney, New South Wales, Australia",,,
2637313426,"Lead, Paid Marketing",SocialCops,"Bengaluru, Karnataka, India",,,
2603993067,Product Manager,PUBLICIS GROUPE SA,"Toronto, ON",,,
2629691472,Analytics Engineer,Gooten,"New York, NY Remote",,,
2627020788,Finance Data Analyst - Falcon.io,Falcon.io,"Sofia, Sofia City, Bulgaria",,,
2635269223,Snowflake Architect,Dice,United States Remote,,,
2638464184,Data Engineer,EF Education First,"London, England, United Kingdom",,,
2559147879,"Manager, Business Intelligence FP&A - Remote",Ansys,"Austin, TX Remote",,,
2641808744,Psykolog till barn- och ungdomspsykiatri,REGION UPPSALA,"Uppsala, Uppsala County, Sweden",,,
2637308931,"Lead, Paid Marketing",SocialCops,"Kolkata, West Bengal, India",,,
2640217495,Senior Data & Analytics BI Developer,IQ-EQ,"Pasig, National Capital Region, Philippines",,,
2620411932,Data Engineer,EVRY India,"Phoenix, AZ",,,
2608683805,Analytics Engineer,Great Jones,"New York, NY",,,
2534745523,Data Engineer,Netskope,"Atlanta, GA",,,
2584900737,"Manager, Data Operations/Data Engineering",Avid,"Burlington, MA",,,
2621809756,Senior Data Warehouse Engineer,Mutual of Enumclaw,United States Remote,,,
2634220342,Data Architect,LeasePlan,"Amsterdam, North Holland, Netherlands",,,
2620411932,Data Engineer,EVRY India,"Phoenix, AZ",,,
2608683805,Analytics Engineer,Great Jones,"New York, NY",,,
2590474139,Senior Analytics Engineer H/F,Gojob,"Aix-en-Provence, Provence-Alpes-Côte d'Azur, France",,,
2559998943,"Data Engineer, China",Mintel,"Shanghai, Shanghai, China",,,
2622413772,DevOps Engineer,Property Finder,"Istanbul, Turkey",,,
2596938319,"Associate Director, Product Management - Financial Services",Publicis Sapient,"London, England, United Kingdom",,,
2605594791,(Senior) Data Engineer (m/f/d),TUI,Germany Remote,,,
2623452732,(Senior) Data Analyst - Finance Insights (m/f/d),TIER Mobility,"Berlin, Berlin, Germany",,,
2611427253,Data Engineer II,Beautycounter,"Santa Monica, CA",,,
2582621670,Data Engineer III,Momentive.ai,"Ottawa, ON",,,
2494311863,Senior Data Engineer,Xcede,"London, England, United Kingdom",,,
2482875541,Data Engineer,Pluralsight,"Seattle, WA Remote",,,
2640111965,Senior Data Architect,hackajob,"London, England, United Kingdom",,,
2637425931,Business Intelligence Engineer,Ruby,"Kansas City, MO",,,
2626217415,"Senior Backend Engineer, Ecosystem Team, US",Firebolt,"San Francisco, CA",,,
2635410185,Data Engineer (f/m/div),Penta,"Berlin, Germany",,,
2637309609,"Lead, Paid Marketing",SocialCops,"Chennai, Tamil Nadu, India",,,
2646374261,Senior Data Engineer - 10+ Years,Sunray Informatics Inc,"Jersey City, NJ",,,
2637312566,"Lead, Paid Marketing",SocialCops,"Mumbai, Maharashtra, India",,,
2628453851,Deployment Engineer 2,dbt Labs (formerly Fishtown Analytics),"Us, Île-de-France, France",,,
2622343871,Data Engineer,Traveloka,"Tangerang, Banten, Indonesia",,,
2622199619,Data Integration - ETL Experts,Persistent Systems,"Marmagao, Goa, India",,,
2627797095,Head of Product Analytics,Hydrogen Group,"London, England, United Kingdom",,,
2609391716,Analytics Engineer (Digital Analytics),G2A.COM,"Warsaw, Mazowieckie, Poland Remote",,,
2637310594,"Lead, Paid Marketing",SocialCops,"New Delhi, Delhi, India",,,
2615565582,Associate Data Engineers,Arq Group,"Melbourne, Victoria, Australia",,,
2604508495,Data Engineer,Dext,"Sofia, Sofia City, Bulgaria",,,
2615362274,"Technical Lead, Data Engineering",Teachers Pay Teachers,"New York, NY",,,
2640064622,Psykolog till barn- och ungdomspsykiatri,REGION UPPSALA,"Uppsala, Uppsala County, Sweden",,,
2633095402,"Data Quality Engineer (Red Shift, Snowflake,ETL)",Dice,"Santa Monica, CA Remote",,,
2635275383,Data Architect - snowflake,Dice,"Scottsdale, AZ Remote",,,
2630799728,"PYTHON DEVELOPER / DATA ENGINEER- REMOTE, ANY LOCATION",E15 Group,"Atlanta, GA Remote",,,
2559998943,"Data Engineer, China",Mintel,"Shanghai, Shanghai, China",,,
2632510510,"Data Developer, GUARDIAN NEWS AND MEDIA",Guardian Jobs,"London, England, United Kingdom",,,
2619146985,Senior ETL Developer,Tata Consultancy Services,"San Antonio, TX",,,
2636406688,Fagleder BI Analytics,TINE SA,"Oslo, Oslo, Norway",,,
2611408278,Analytics Engineer,Foxtrot,"Chicago, IL",,,
2633116508,Sr. Data Engineer,System One,"Chevy Chase, MD",,,
2639193465,Marketing Analytical Engineer (m/f/d),HomeToGo,"Berlin, Berlin, Germany",,,
2622199609,Data Integration - ETL Experts,Persistent Systems,"Nagpur, Maharashtra, India",,,
2616971244,Ecommerce Web Analyst (Marketing & Merchandising),AutoAnything,"San Diego, CA Remote",,,
2635494611,Data Engineer - ML Platform,ODA,"Oslo, Oslo, Norway",,,
2523996646,Business Intelligence Architect,HP,"Boise, ID",,,
2621598876,"Software Engineer 3 (Senior, Full-Stack)",dbt Labs (formerly Fishtown Analytics),Greater Fort Collins Area,,,
2606717412,Principal Safeguards & Security Specialist,"Mission Support and Test Services, LLC","North Las Vegas, NV",,,
2592166701,"FS - GCP Cloud Architect, Manager",PwC,"San Francisco, CA",,,
2623365105,Data Engineering Lead,C2FO,"Leawood, KS",,,
2612924109,Data Engineer - RTL Nederland,RTL,"Hilversum, North Holland, Netherlands",,,
2628155002,Lead Data Engineer,Paymentsense,"London, England, United Kingdom",,,
2642464322,Snowflake Architect,E-Solutions,"Cary, NC",,,
2613634281,Product Manager | Financial Services,Publicis Sapient,"Pathum Wan, Bangkok City, Thailand",,,
2624734026,Senior Data Engineer - Europe Remote,Vistaprint,"Barcelona, Catalonia, Spain Remote",,,
2500170467,Senior Machine Learning Engineer,Checkout.com,"London, England, United Kingdom",,,
2592167166,ERPF Business Analyst - Finance,Cargill,"Sofia, Sofia City, Bulgaria",,,
2482875540,Data Engineer,Pluralsight,"Auburn, NJ Remote",,,
2594614931,Analytics Innovation Team – Platform Data Engineer/Analyst,Altman Solon,"Mexico City, Mexico",,,
2616220585,Senior Product Data Analyst,SimplePractice,"Santa Monica, CA Remote",,,
2622199669,Data Integration - ETL Experts,Persistent Systems,"Bengaluru North, Karnataka, India",,,
2610977704,Data Warehouse Engineer,Eliassen Group,Charlotte Metro,,,
2639500017,Sr. Data Engineer,"ALTA IT Services, LLC","Chevy Chase, MD",,,
2575972586,Data Platform Engineer - Thailand,Chalhoub Group,"Dubai, Dubai, United Arab Emirates",,,
2524958713,Sr. Data Engineer,Grainger,"Lake Forest, IL",,,
2613334422,Business Analyst - Python/SQL/R,Freelancer,"Bengaluru, Karnataka, India",,,
2628460054,"Staff Software Engineer, Metadata",dbt Labs (formerly Fishtown Analytics),"Us, Île-de-France, France",,,
2631905295,Senior Product Manager - Retail / Consumer Products,Publicis Sapient,"London, England, United Kingdom",,,
2592431513,Senior Data Engineer (Remote),Lingokids,"Madrid, Community of Madrid, Spain Remote",,,
2611770630,Big Data Engineer,Semios,"Vancouver, BC",,,
2617651553,Senior Data Analyst (m/f/x),Joyn GmbH,"Munich, Bavaria, Germany",,,
2524100224,Business Intelligence Architect,HP,"Corvallis, OR",,,
2608302980,CRM Data Engineer,Vestiaire Collective,"Paris, Île-de-France, France",,,
